Team Name,Logo Link
New York Liberty,"https://upload.wikimedia.org/wikipedia/en/thumb/a/a1/New_York_Liberty_logo.svg/1920px-New_York_Liberty_logo.svg.png
"
Minnesota Lynx,https://upload.wikimedia.org/wikipedia/en/thumb/7/75/Minnesota_Lynx_logo.svg/2560px-Minnesota_Lynx_logo.svg.png
Atlanta Dream,https://en.wikipedia.org/wiki/Atlanta_Dream#/media/File:Atlanta_Dream_logo.svg
Chicago Sky,https://upload.wikimedia.org/wikipedia/en/thumb/f/fc/Chicago_Sky_logo.svg/2560px-Chicago_Sky_logo.svg.png
Conneticut Sun,https://upload.wikimedia.org/wikipedia/en/thumb/0/09/Connecticut_Sun_logo.svg/2560px-Connecticut_Sun_logo.svg.png
Indiana Fever,https://en.wikipedia.org/wiki/Indiana_Fever#/media/File:Indiana_Fever_logo.svg
Washington Mystics,https://en.wikipedia.org/wiki/Washington_Mystics#/media/File:Washington_Mystics_logo.svg
Dallas Wings,https://upload.wikimedia.org/wikipedia/en/thumb/9/95/Dallas_Wings_logo.svg/2880px-Dallas_Wings_logo.svg.png
Golden State Valkyries,https://en.wikipedia.org/wiki/Golden_State_Valkyries#/media/File:Golden_State_Valkyries_logo.png
Las Vegas Aces,https://upload.wikimedia.org/wikipedia/en/thumb/f/ff/New_Las_Vegas_Aces_WNBA_logo_2024.svg/2560px-New_Las_Vegas_Aces_WNBA_logo_2024.svg.png
Los Angeles Sparks,https://upload.wikimedia.org/wikipedia/en/thumb/9/9f/Los_Angeles_Sparks_logo.svg/2560px-Los_Angeles_Sparks_logo.svg.png
Phoenix Mercury,https://upload.wikimedia.org/wikipedia/en/thumb/a/a6/Phoenix_Mercury_logo.svg/2880px-Phoenix_Mercury_logo.svg.png
Seattle Storm ,https://upload.wikimedia.org/wikipedia/en/thumb/a/a0/Seattle_Storm_%282021%29_logo.svg/2560px-Seattle_Storm_%282021%29_logo.svg.png